order_id,order_timestamp,customer_id,country,amount,currency,status
ORD00001,01-03-2024 02:09,CUST5752,UK,537.42,GBP,PAID
ORD00002,23-08-2024 02:21,CUST9583,AU,50.68,AUD,CREATED
ORD00003,30-08-2024 02:53,CUST3244,AU,474.01,AUD,CANCELLED
ORD00004,19-02-2024 11:27,CUST9375,IN,410.12,INR,PAID
ORD00005,11-12-2024 22:02,CUST6601,US,950.8,USD,CREATED
ORD00006,22-05-2024 13:34,CUST3679,CA,229.48,CAD,CANCELLED
ORD00007,30-04-2024 06:17,CUST8303,UK,798.84,GBP,CREATED
ORD00008,29-03-2024 21:14,CUST6171,US,994.23,USD,CANCELLED
ORD00009,17-09-2024 01:16,CUST6610,US,620.4,USD,PAID
ORD00010,03-08-2024 01:24,CUST7754,UK,35.99,GBP,CREATED
ORD00011,30-03-2024 06:12,CUST9147,AU,459.07,AUD,PAID
ORD00012,27-06-2024 12:49,CUST4380,AU,354.44,AUD,PAID
ORD00013,19-05-2024 02:22,CUST8719,IN,182.93,INR,CREATED
ORD00014,15-01-2024 15:26,CUST1740,CA,316.02,CAD,CREATED
ORD00015,18-10-2024 19:59,CUST1175,CA,290.63,CAD,CANCELLED
ORD00016,29-03-2024 14:20,CUST2018,IN,192.85,INR,CANCELLED
ORD00017,05-04-2024 06:04,CUST8342,AU,353.29,AUD,PAID
ORD00018,25-11-2024 21:49,CUST3469,CA,61.55,CAD,PAID
ORD00019,04-08-2024 13:29,CUST2735,CA,524.78,CAD,PAID
ORD00020,01-07-2024 01:13,CUST5802,AU,737.44,AUD,CANCELLED
ORD00021,21-10-2024 15:06,CUST8673,US,262.27,USD,PAID
ORD00022,10-09-2024 21:51,CUST1690,CA,74.08,CAD,CREATED
ORD00023,18-11-2024 01:39,CUST1518,IN,12.21,INR,CREATED
ORD00024,27-03-2024 15:50,CUST1263,AU,906.98,AUD,CREATED
ORD00025,10-10-2024 12:29,CUST8611,UK,477.56,GBP,PAID
ORD00026,11-12-2024 05:56,CUST2743,UK,204.67,GBP,CANCELLED
ORD00027,27-01-2024 07:08,CUST8448,US,184.17,USD,CANCELLED
ORD00028,29-12-2024 17:58,CUST6392,UK,945.9,GBP,CREATED
ORD00029,24-12-2024 01:11,CUST5595,AU,229.46,AUD,CREATED
ORD00030,11-03-2024 09:34,CUST3654,US,453.23,USD,PAID
ORD00031,26-06-2024 08:34,CUST8662,AU,983.06,AUD,CANCELLED
ORD00032,06-11-2024 02:12,CUST8865,UK,133.66,GBP,PAID
ORD00033,06-10-2024 09:35,CUST1751,CA,878.67,CAD,PAID
ORD00034,09-01-2024 01:51,CUST5878,CA,901.72,CAD,CREATED
ORD00035,21-02-2024 01:56,CUST1322,CA,511.08,CAD,CREATED
ORD00036,07-09-2024 17:18,CUST6482,IN,310.97,INR,PAID
ORD00037,05-02-2024 11:08,CUST2860,US,11.61,USD,CANCELLED
ORD00038,04-02-2024 18:12,CUST6902,AU,730.7,AUD,CREATED
ORD00039,29-02-2024 01:56,CUST3128,US,949.17,USD,CREATED
ORD00040,18-07-2024 05:52,CUST3430,AU,816.82,AUD,PAID
ORD00041,06-05-2024 02:39,CUST9396,UK,868.73,GBP,CREATED
ORD00042,25-06-2024 03:37,CUST3984,US,569.48,USD,CANCELLED
ORD00043,24-03-2024 07:53,CUST1885,AU,758.58,AUD,PAID
ORD00044,29-07-2024 02:36,CUST6689,UK,121.31,GBP,PAID
ORD00045,11-01-2024 09:57,CUST8711,IN,189.73,INR,CANCELLED
ORD00046,31-10-2024 15:25,CUST3729,IN,333.64,INR,CREATED
ORD00047,14-09-2024 00:14,CUST4942,IN,380.24,INR,PAID
ORD00048,27-08-2024 06:20,CUST2767,CA,733.9,CAD,PAID
ORD00049,04-09-2024 01:51,CUST5246,US,876.8,USD,PAID
ORD00050,26-02-2024 21:54,CUST3860,UK,209.4,GBP,CANCELLED
ORD00051,07-10-2024 02:02,CUST9546,UK,758.88,GBP,CANCELLED
ORD00052,10-07-2024 00:09,CUST4340,CA,253.05,CAD,PAID
ORD00053,21-05-2024 13:02,CUST4354,UK,681.13,GBP,CREATED
ORD00054,20-11-2024 10:08,CUST6540,US,304.12,USD,CREATED
ORD00055,03-06-2024 03:14,CUST8291,CA,701.9,CAD,CANCELLED
ORD00056,23-04-2024 18:48,CUST9440,UK,565.22,GBP,PAID
ORD00057,04-05-2024 11:23,CUST1363,AU,264.91,AUD,CANCELLED
ORD00058,17-04-2024 00:07,CUST3747,AU,847.97,AUD,CREATED
ORD00059,15-09-2024 06:13,CUST4065,AU,280.68,AUD,CANCELLED
ORD00060,12-01-2024 10:57,CUST8556,IN,684.81,INR,PAID
ORD00061,30-04-2024 03:20,CUST2440,CA,103.13,CAD,CANCELLED
ORD00062,31-08-2024 08:59,CUST6997,IN,103.78,INR,CANCELLED
ORD00063,19-10-2024 06:52,CUST4060,CA,817.14,CAD,CREATED
ORD00064,14-05-2024 04:08,CUST2416,US,862.6,USD,CANCELLED
ORD00065,01-06-2024 02:28,CUST8179,IN,237.17,INR,CANCELLED
ORD00066,10-06-2024 19:54,CUST2483,US,709.55,USD,PAID
ORD00067,12-11-2024 03:06,CUST8628,AU,326.03,AUD,PAID
ORD00068,07-04-2024 06:30,CUST5825,US,424.34,USD,PAID
ORD00069,07-03-2024 03:28,CUST5972,AU,329.43,AUD,PAID
ORD00070,13-12-2024 07:05,CUST7065,CA,330.4,CAD,CREATED
ORD00071,26-06-2024 21:16,CUST8210,UK,448.57,GBP,PAID
ORD00072,28-12-2024 15:06,CUST6005,UK,780.15,GBP,CANCELLED
ORD00073,07-07-2024 02:32,CUST9492,UK,81.71,GBP,CANCELLED
ORD00074,11-11-2024 00:51,CUST6049,IN,788.93,INR,CREATED
ORD00075,03-04-2024 06:59,CUST8416,CA,520.85,CAD,CREATED
ORD00076,21-12-2024 03:32,CUST6887,IN,950.11,INR,PAID
ORD00077,07-08-2024 13:37,CUST1901,UK,694.1,GBP,PAID
ORD00078,30-05-2024 05:10,CUST7301,US,246.22,USD,PAID
ORD00079,04-04-2024 04:04,CUST5847,AU,566.64,AUD,PAID
ORD00080,03-04-2024 16:48,CUST7781,AU,812.42,AUD,CANCELLED
ORD00081,09-10-2024 16:50,CUST1874,UK,893.01,GBP,CANCELLED
ORD00082,24-08-2024 03:07,CUST3890,IN,99.84,INR,CREATED
ORD00083,04-03-2024 10:39,CUST3101,AU,256.05,AUD,CREATED
ORD00084,09-11-2024 12:24,CUST9629,CA,453.41,CAD,CREATED
ORD00085,31-08-2024 12:55,CUST7348,CA,47.12,CAD,PAID
ORD00086,25-09-2024 11:24,CUST6620,CA,355.1,CAD,CREATED
ORD00087,04-08-2024 03:28,CUST5001,AU,528.07,AUD,PAID
ORD00088,18-06-2024 09:57,CUST6105,AU,814.43,AUD,CREATED
ORD00089,07-07-2024 12:48,CUST7141,US,427.48,USD,CANCELLED
ORD00090,16-05-2024 12:50,CUST9662,UK,234.06,GBP,CREATED
ORD00091,26-08-2024 02:33,CUST6495,US,679.32,USD,PAID
ORD00092,20-02-2024 10:14,CUST4142,UK,233.08,GBP,CREATED
ORD00093,27-10-2024 14:40,CUST2473,IN,577.5,INR,CANCELLED
ORD00094,04-05-2024 07:44,CUST7266,US,763.2,USD,CREATED
ORD00095,03-10-2024 22:03,CUST4342,CA,868.96,CAD,CANCELLED
ORD00096,29-07-2024 01:38,CUST2706,CA,677.93,CAD,PAID
ORD00097,23-02-2024 04:28,CUST2422,US,924.29,USD,PAID
ORD00098,24-05-2024 12:28,CUST3259,AU,752.6,AUD,PAID
ORD00099,03-04-2024 22:48,CUST9518,IN,673.5,INR,PAID
ORD00100,26-11-2024 19:32,CUST7089,IN,17.4,INR,CANCELLED
ORD00101,21-03-2024 01:43,CUST7317,IN,978.91,INR,CANCELLED
ORD00102,02-10-2024 19:48,CUST2191,AU,622.84,AUD,CREATED
ORD00103,18-02-2024 06:13,CUST3713,CA,308.53,CAD,CANCELLED
ORD00104,29-10-2024 03:01,CUST8003,IN,671.05,INR,CANCELLED
ORD00105,19-04-2024 07:49,CUST6921,UK,999.74,GBP,PAID
ORD00106,26-01-2024 07:29,CUST8901,CA,955.72,CAD,CREATED
ORD00107,25-06-2024 13:24,CUST1551,AU,586.43,AUD,PAID
ORD00108,19-05-2024 23:06,CUST6972,CA,595.96,CAD,PAID
ORD00109,19-09-2024 12:26,CUST6881,CA,709.7,CAD,CANCELLED
ORD00110,30-07-2024 20:15,CUST6624,US,379.64,USD,CREATED
ORD00111,25-05-2024 11:37,CUST3471,UK,365.21,GBP,CREATED
ORD00112,05-04-2024 05:24,CUST4921,IN,888.16,INR,CREATED
ORD00113,05-10-2024 23:53,CUST4865,CA,470.94,CAD,CANCELLED
ORD00114,19-11-2024 11:56,CUST3523,US,717.33,USD,CREATED
ORD00115,23-09-2024 01:27,CUST3194,CA,510.59,CAD,CREATED
ORD00116,10-05-2024 06:44,CUST2030,AU,389.25,AUD,CREATED
ORD00117,05-04-2024 12:53,CUST5085,CA,444.62,CAD,PAID
ORD00118,17-03-2024 04:47,CUST8330,CA,750.73,CAD,CANCELLED
ORD00119,21-12-2024 01:58,CUST9606,IN,673.08,INR,PAID
ORD00120,17-03-2024 02:31,CUST9092,IN,418.19,INR,CREATED
ORD00121,29-01-2024 16:21,CUST2038,US,815.87,USD,CREATED
ORD00122,01-08-2024 09:22,CUST2709,IN,70.98,INR,PAID
ORD00123,27-11-2024 21:11,CUST3077,IN,556.24,INR,CREATED
ORD00124,07-03-2024 07:44,CUST6381,IN,797.01,INR,PAID
ORD00125,14-03-2024 18:15,CUST4783,UK,689.89,GBP,CANCELLED
ORD00126,28-02-2024 16:33,CUST7416,IN,817.87,INR,PAID
ORD00127,12-01-2024 16:40,CUST5931,AU,264.49,AUD,CREATED
ORD00128,10-11-2024 21:25,CUST7737,AU,915.94,AUD,CANCELLED
ORD00129,07-11-2024 20:01,CUST9399,AU,32.41,AUD,CREATED
ORD00130,28-10-2024 14:41,CUST1972,US,499.08,USD,PAID
ORD00131,27-10-2024 20:54,CUST8359,AU,249.63,AUD,CREATED
ORD00132,09-07-2024 22:55,CUST3264,US,412.93,USD,CREATED
ORD00133,03-06-2024 20:51,CUST7471,AU,664.83,AUD,CANCELLED
ORD00134,10-11-2024 13:53,CUST3690,CA,51.41,CAD,CANCELLED
ORD00135,22-08-2024 08:16,CUST7596,CA,310.27,CAD,CANCELLED
ORD00136,06-07-2024 02:56,CUST9563,IN,408.42,INR,CREATED
ORD00137,18-06-2024 16:12,CUST9761,UK,932.3,GBP,CANCELLED
ORD00138,20-08-2024 17:12,CUST9796,US,526.35,USD,CANCELLED
ORD00139,22-04-2024 01:21,CUST6857,UK,623.51,GBP,PAID
ORD00140,08-05-2024 07:48,CUST7036,CA,35.69,CAD,PAID
ORD00141,24-02-2024 01:22,CUST6269,IN,746.7,INR,CANCELLED
ORD00142,28-06-2024 11:40,CUST1795,IN,54.88,INR,PAID
ORD00143,20-03-2024 05:47,CUST1176,US,833.08,USD,CREATED
ORD00144,07-07-2024 13:37,CUST3439,US,742.48,USD,PAID
ORD00145,29-09-2024 19:41,CUST4478,AU,953.03,AUD,PAID
ORD00146,25-10-2024 09:11,CUST7815,IN,954.04,INR,CREATED
ORD00147,22-09-2024 18:47,CUST2417,AU,784.57,AUD,PAID
ORD00148,29-07-2024 06:11,CUST5656,AU,605.73,AUD,CANCELLED
ORD00149,05-12-2024 02:35,CUST9587,AU,321.12,AUD,PAID
ORD00150,24-02-2024 08:18,CUST4795,AU,649.91,AUD,PAID
ORD00151,30-06-2024 20:11,CUST4512,UK,235.17,GBP,PAID
ORD00152,20-12-2024 17:50,CUST3314,CA,58.83,CAD,CREATED
ORD00153,23-11-2024 20:51,CUST9114,AU,349.94,AUD,PAID
ORD00154,27-07-2024 03:44,CUST2444,US,913.12,USD,PAID
ORD00155,17-12-2024 02:54,CUST5908,US,188.98,USD,PAID
ORD00156,23-01-2024 03:05,CUST5362,US,862.66,USD,CANCELLED
ORD00157,25-02-2024 17:58,CUST9644,IN,173.75,INR,CREATED
ORD00158,04-11-2024 02:18,CUST1604,IN,931.17,INR,PAID
ORD00159,04-05-2024 09:59,CUST6915,CA,558.11,CAD,PAID
ORD00160,18-03-2024 22:23,CUST5097,AU,384.64,AUD,PAID
ORD00161,03-04-2024 07:24,CUST2583,IN,71.51,INR,CREATED
ORD00162,14-05-2024 22:20,CUST6756,IN,131.43,INR,CANCELLED
ORD00163,07-03-2024 02:31,CUST9134,IN,611.12,INR,PAID
ORD00164,10-02-2024 12:01,CUST2076,US,916.24,USD,CANCELLED
ORD00165,27-02-2024 02:01,CUST3192,AU,508.19,AUD,CREATED
ORD00166,27-10-2024 06:47,CUST8621,UK,342.28,GBP,CANCELLED
ORD00167,10-12-2024 15:59,CUST3403,AU,111.34,AUD,CREATED
ORD00168,22-09-2024 12:39,CUST3379,AU,766.84,AUD,CREATED
ORD00169,04-09-2024 17:27,CUST3339,IN,29.92,INR,PAID
ORD00170,18-04-2024 09:32,CUST6335,IN,403.22,INR,CANCELLED
ORD00171,05-07-2024 19:18,CUST6548,AU,460.86,AUD,CANCELLED
ORD00172,25-03-2024 06:12,CUST2714,US,435.9,USD,CREATED
ORD00173,11-02-2024 08:13,CUST2000,AU,171.4,AUD,CANCELLED
ORD00174,27-08-2024 11:26,CUST5433,US,564.37,USD,CREATED
ORD00175,10-12-2024 21:13,CUST5397,UK,576.11,GBP,PAID
ORD00176,29-02-2024 21:33,CUST6836,AU,200.29,AUD,CANCELLED
ORD00177,28-01-2024 16:21,CUST8494,IN,21.54,INR,PAID
ORD00178,13-01-2024 04:18,CUST1597,IN,864.46,INR,CANCELLED
ORD00179,09-09-2024 14:27,CUST5931,UK,23.71,GBP,CANCELLED
ORD00180,01-08-2024 04:44,CUST2544,UK,326.3,GBP,PAID
ORD00181,03-10-2024 00:29,CUST1102,IN,175.67,INR,CANCELLED
ORD00182,15-07-2024 09:32,CUST1303,AU,688.44,AUD,CANCELLED
ORD00183,12-05-2024 19:43,CUST7052,IN,412.98,INR,CANCELLED
ORD00184,17-11-2024 04:11,CUST6072,UK,853.95,GBP,CANCELLED
ORD00185,21-03-2024 15:17,CUST4270,IN,770.94,INR,PAID
ORD00186,28-03-2024 23:36,CUST5309,UK,949.18,GBP,CANCELLED
ORD00187,26-10-2024 04:38,CUST6905,IN,913.4,INR,PAID
ORD00188,15-10-2024 21:37,CUST2048,AU,502.93,AUD,PAID
ORD00189,03-06-2024 17:12,CUST4145,US,568.01,USD,CREATED
ORD00190,29-01-2024 22:23,CUST3385,US,462.42,USD,CANCELLED
ORD00191,21-11-2024 14:19,CUST7684,IN,849.62,INR,CREATED
ORD00192,24-02-2024 15:23,CUST3241,AU,989.21,AUD,CANCELLED
ORD00193,06-06-2024 05:42,CUST7955,IN,945.25,INR,CANCELLED
ORD00194,18-09-2024 12:28,CUST7666,CA,275.16,CAD,CREATED
ORD00195,06-03-2024 01:39,CUST5185,US,336.92,USD,CANCELLED
ORD00196,31-10-2024 01:53,CUST1369,CA,482.66,CAD,PAID
ORD00197,25-01-2024 19:09,CUST2557,UK,314.34,GBP,PAID
ORD00198,22-08-2024 17:58,CUST4268,AU,951.8,AUD,CANCELLED
ORD00199,02-04-2024 22:51,CUST6725,IN,680.34,INR,CREATED
ORD00200,29-03-2024 22:21,CUST8532,IN,414.19,INR,PAID
ORD00201,31-05-2024 12:01,CUST4035,IN,435.12,INR,CANCELLED
ORD00202,05-04-2024 00:30,CUST7690,US,715.91,USD,CREATED
ORD00203,27-01-2024 07:18,CUST5476,AU,125.69,AUD,CANCELLED
ORD00204,03-01-2024 13:29,CUST1312,UK,758.24,GBP,CANCELLED
ORD00205,14-02-2024 06:45,CUST5965,US,622.91,USD,CREATED
ORD00206,17-11-2024 17:59,CUST4223,AU,140.67,AUD,CANCELLED
ORD00207,22-01-2024 15:42,CUST9153,AU,347.64,AUD,PAID
ORD00208,04-07-2024 13:04,CUST4947,IN,828.86,INR,CREATED
ORD00209,24-04-2024 20:20,CUST9875,US,984.35,USD,PAID
ORD00210,24-11-2024 04:41,CUST1281,IN,955.75,INR,CREATED
ORD00211,21-09-2024 01:33,CUST8597,US,807.01,USD,CREATED
ORD00212,08-02-2024 19:40,CUST4327,IN,301.84,INR,CANCELLED
ORD00213,16-10-2024 16:33,CUST4445,CA,327.28,CAD,CANCELLED
ORD00214,21-04-2024 08:02,CUST8566,US,673,USD,CANCELLED
ORD00215,04-01-2024 01:40,CUST3410,CA,297.99,CAD,CREATED
ORD00216,08-04-2024 02:41,CUST2985,US,65.48,USD,CREATED
ORD00217,09-11-2024 23:12,CUST7814,UK,21.44,GBP,CANCELLED
ORD00218,19-06-2024 21:28,CUST1885,IN,470.76,INR,CANCELLED
ORD00219,23-03-2024 20:48,CUST3480,US,174.65,USD,CREATED
ORD00220,08-05-2024 16:47,CUST9377,CA,137.66,CAD,CANCELLED
ORD00221,21-07-2024 12:46,CUST7704,US,77.32,USD,CREATED
ORD00222,13-11-2024 13:33,CUST7548,UK,939.27,GBP,PAID
ORD00223,29-03-2024 19:28,CUST2799,CA,961.53,CAD,PAID
ORD00224,04-09-2024 11:13,CUST6903,UK,448.31,GBP,CANCELLED
ORD00225,20-04-2024 16:50,CUST2903,US,744.17,USD,CANCELLED
ORD00226,27-06-2024 02:57,CUST3252,AU,465,AUD,CREATED
ORD00227,21-02-2024 23:30,CUST9863,CA,90.07,CAD,PAID
ORD00228,18-03-2024 16:16,CUST4291,IN,976.05,INR,PAID
ORD00229,04-01-2024 14:10,CUST4942,UK,520.07,GBP,CREATED
ORD00230,17-03-2024 04:26,CUST4832,UK,923.05,GBP,CREATED
ORD00231,07-07-2024 11:30,CUST1149,AU,528.72,AUD,PAID
ORD00232,29-12-2024 21:04,CUST8648,UK,649.3,GBP,CANCELLED
ORD00233,03-09-2024 10:45,CUST3759,CA,952.16,CAD,CREATED
ORD00234,06-04-2024 01:12,CUST9052,IN,32.96,INR,PAID
ORD00235,02-06-2024 15:57,CUST9976,CA,925.73,CAD,CREATED
ORD00236,31-10-2024 18:00,CUST6770,IN,923.51,INR,PAID
ORD00237,15-07-2024 16:27,CUST9987,US,196.28,USD,CANCELLED
ORD00238,12-09-2024 05:58,CUST9201,US,649.78,USD,CREATED
ORD00239,10-06-2024 07:54,CUST7453,UK,31.29,GBP,CREATED
ORD00240,17-07-2024 03:33,CUST4438,UK,29.29,GBP,CANCELLED
ORD00241,03-04-2024 20:37,CUST8837,IN,315.76,INR,CANCELLED
ORD00242,03-08-2024 07:37,CUST6069,US,265.87,USD,CREATED
ORD00243,27-03-2024 17:19,CUST7035,US,97.62,USD,PAID
ORD00244,24-02-2024 01:41,CUST3368,US,831.99,USD,CREATED
ORD00245,15-01-2024 13:23,CUST2776,AU,103.61,AUD,CREATED
ORD00246,24-08-2024 11:18,CUST9565,UK,882.29,GBP,CANCELLED
ORD00247,14-03-2024 07:26,CUST8214,AU,311.91,AUD,PAID
ORD00248,18-02-2024 04:30,CUST2385,US,882.47,USD,CANCELLED
ORD00249,01-03-2024 05:22,CUST5104,AU,991.72,AUD,CREATED
ORD00250,28-07-2024 14:12,CUST6227,UK,262.58,GBP,PAID
ORD00251,05-09-2024 04:10,CUST4450,UK,196.41,GBP,CANCELLED
ORD00252,02-11-2024 17:09,CUST9483,AU,842.46,AUD,PAID
ORD00253,21-11-2024 19:46,CUST8759,AU,381.19,AUD,CANCELLED
ORD00254,11-09-2024 10:59,CUST9093,US,508.63,USD,CREATED
ORD00255,28-07-2024 01:39,CUST1272,US,376.59,USD,CANCELLED
ORD00256,04-07-2024 20:02,CUST1122,IN,954.96,INR,PAID
ORD00257,12-11-2024 23:19,CUST3890,US,822.3,USD,CREATED
ORD00258,23-07-2024 19:34,CUST8718,IN,580.24,INR,PAID
ORD00259,19-03-2024 07:07,CUST7511,CA,109.27,CAD,PAID
ORD00260,01-06-2024 04:08,CUST5676,AU,441.89,AUD,CREATED
ORD00261,26-03-2024 20:33,CUST4060,AU,283.56,AUD,CREATED
ORD00262,21-06-2024 19:39,CUST2738,US,42.31,USD,PAID
ORD00263,23-03-2024 00:27,CUST3211,CA,718.92,CAD,PAID
ORD00264,03-08-2024 14:24,CUST3015,UK,664.16,GBP,PAID
ORD00265,07-11-2024 18:18,CUST9381,CA,828.42,CAD,PAID
ORD00266,06-05-2024 18:21,CUST6442,UK,671.5,GBP,CREATED
ORD00267,09-01-2024 23:45,CUST1247,UK,923.82,GBP,CREATED
ORD00268,06-11-2024 20:20,CUST9630,US,302.37,USD,CREATED
ORD00269,29-09-2024 11:30,CUST6500,UK,858.63,GBP,PAID
ORD00270,11-08-2024 09:54,CUST7212,IN,320.17,INR,PAID
ORD00271,19-04-2024 03:13,CUST2187,AU,719.42,AUD,CANCELLED
ORD00272,25-05-2024 15:11,CUST8557,CA,474.71,CAD,CREATED
ORD00273,24-04-2024 13:53,CUST1879,UK,44.43,GBP,PAID
ORD00274,10-07-2024 12:07,CUST7531,UK,893.76,GBP,CANCELLED
ORD00275,24-07-2024 14:44,CUST4670,AU,717.46,AUD,PAID
ORD00276,13-06-2024 07:40,CUST4201,AU,999.84,AUD,CREATED
ORD00277,18-06-2024 02:13,CUST3378,AU,718.9,AUD,CREATED
ORD00278,03-01-2024 07:55,CUST1713,IN,97.13,INR,CANCELLED
ORD00279,07-11-2024 05:03,CUST7781,UK,360.98,GBP,PAID
ORD00280,07-10-2024 15:06,CUST5675,UK,611.75,GBP,CANCELLED
ORD00281,07-01-2024 13:23,CUST8493,AU,679.75,AUD,CANCELLED
ORD00282,23-02-2024 04:19,CUST9076,AU,855.71,AUD,PAID
ORD00283,07-09-2024 10:18,CUST2324,AU,327.3,AUD,PAID
ORD00284,16-07-2024 18:43,CUST3856,UK,463.83,GBP,CREATED
ORD00285,24-09-2024 08:06,CUST2135,AU,921.44,AUD,CANCELLED
ORD00286,31-03-2024 00:39,CUST8873,US,50.44,USD,PAID
ORD00287,03-02-2024 15:25,CUST1357,UK,293.94,GBP,CANCELLED
ORD00288,23-06-2024 20:47,CUST2602,AU,722.6,AUD,CREATED
ORD00289,09-04-2024 18:02,CUST2149,AU,570.33,AUD,PAID
ORD00290,10-01-2024 14:19,CUST9468,IN,246.35,INR,PAID
ORD00291,18-10-2024 06:04,CUST1405,US,856.59,USD,PAID
ORD00292,29-07-2024 06:13,CUST2305,AU,243.19,AUD,PAID
ORD00293,01-04-2024 21:55,CUST2566,AU,794.08,AUD,CANCELLED
ORD00294,28-09-2024 18:28,CUST8452,US,453.9,USD,PAID
ORD00295,09-09-2024 00:49,CUST8331,UK,385.46,GBP,CREATED
ORD00296,27-11-2024 15:51,CUST1405,CA,485.84,CAD,CREATED
ORD00297,17-03-2024 16:56,CUST2860,AU,524.86,AUD,CREATED
ORD00298,16-03-2024 10:39,CUST8506,CA,67.15,CAD,CANCELLED
ORD00299,31-07-2024 20:16,CUST4928,CA,540.64,CAD,PAID
ORD00300,18-09-2024 03:53,CUST7441,US,196.79,USD,PAID
ORD00301,29-03-2024 11:26,CUST3690,US,207.64,USD,CANCELLED
ORD00302,30-01-2024 15:53,CUST3230,AU,124.4,AUD,CREATED
ORD00303,24-09-2024 14:01,CUST1865,UK,587.43,GBP,PAID
ORD00304,15-10-2024 10:47,CUST9205,US,326.97,USD,CREATED
ORD00305,06-05-2024 06:47,CUST8031,US,35.3,USD,CREATED
ORD00306,19-10-2024 13:52,CUST9447,AU,726.64,AUD,CREATED
ORD00307,08-08-2024 02:08,CUST2724,US,576.75,USD,PAID
ORD00308,04-09-2024 13:06,CUST9991,AU,845.03,AUD,CANCELLED
ORD00309,08-04-2024 08:35,CUST6982,IN,297.24,INR,CANCELLED
ORD00310,30-07-2024 10:50,CUST6340,CA,206.31,CAD,CANCELLED
ORD00311,04-07-2024 09:05,CUST3910,US,833.38,USD,CANCELLED
ORD00312,01-02-2024 02:38,CUST9449,US,444.81,USD,CANCELLED
ORD00313,07-09-2024 01:48,CUST5380,AU,374.72,AUD,CREATED
ORD00314,22-07-2024 12:46,CUST9186,AU,333.38,AUD,CREATED
ORD00315,05-02-2024 15:13,CUST4117,IN,260.72,INR,CANCELLED
ORD00316,28-08-2024 20:55,CUST3457,CA,961.51,CAD,CREATED
ORD00317,17-12-2024 08:53,CUST7924,UK,963.2,GBP,CREATED
ORD00318,05-01-2024 15:38,CUST3984,IN,920.14,INR,CREATED
ORD00319,06-08-2024 06:51,CUST7735,UK,433.97,GBP,PAID
ORD00320,15-09-2024 21:56,CUST8576,AU,841.04,AUD,CANCELLED
ORD00321,20-03-2024 10:51,CUST4163,CA,584.89,CAD,PAID
ORD00322,11-09-2024 17:18,CUST6660,IN,71.21,INR,PAID
ORD00323,27-11-2024 07:13,CUST7251,UK,208.22,GBP,PAID
ORD00324,16-02-2024 22:23,CUST6251,IN,488.15,INR,PAID
ORD00325,20-03-2024 21:45,CUST6222,UK,993.26,GBP,CREATED
ORD00326,24-09-2024 19:26,CUST8694,UK,16.88,GBP,CANCELLED
ORD00327,08-03-2024 14:25,CUST5303,AU,572.39,AUD,CANCELLED
ORD00328,07-01-2024 02:11,CUST5450,CA,375.66,CAD,CANCELLED
ORD00329,03-01-2024 15:11,CUST4594,IN,866.44,INR,CREATED
ORD00330,12-03-2024 09:42,CUST7349,AU,448.77,AUD,CANCELLED
ORD00331,20-09-2024 11:47,CUST8811,IN,174.37,INR,PAID
ORD00332,25-08-2024 02:36,CUST5122,AU,798.29,AUD,CANCELLED
ORD00333,16-01-2024 16:01,CUST9569,CA,15.05,CAD,PAID
ORD00334,24-09-2024 11:04,CUST3176,CA,275.89,CAD,PAID
ORD00335,08-12-2024 05:03,CUST9813,IN,589.1,INR,CREATED
ORD00336,22-07-2024 00:40,CUST7991,IN,769.38,INR,PAID
ORD00337,26-09-2024 12:09,CUST2504,CA,139.6,CAD,CREATED
ORD00338,19-05-2024 18:36,CUST9929,US,826.14,USD,CANCELLED
ORD00339,04-01-2024 17:50,CUST5632,CA,357.39,CAD,CANCELLED
ORD00340,01-04-2024 16:03,CUST5603,UK,413.76,GBP,PAID
ORD00341,16-06-2024 17:46,CUST8215,IN,61.04,INR,CREATED
ORD00342,18-11-2024 22:16,CUST8097,CA,151.63,CAD,CREATED
ORD00343,22-01-2024 01:13,CUST1787,CA,278.48,CAD,CREATED
ORD00344,10-06-2024 12:01,CUST1413,US,786.93,USD,CREATED
ORD00345,16-02-2024 15:26,CUST9095,IN,662.91,INR,CREATED
ORD00346,03-02-2024 10:35,CUST6767,UK,892.74,GBP,CREATED
ORD00347,01-01-2024 11:23,CUST5130,UK,254.34,GBP,CANCELLED
ORD00348,10-02-2024 01:25,CUST7879,UK,261.2,GBP,CANCELLED
ORD00349,23-10-2024 04:13,CUST2437,AU,764.82,AUD,CANCELLED
ORD00350,27-12-2024 02:34,CUST2382,CA,640,CAD,CANCELLED
ORD00351,06-07-2024 12:10,CUST1518,CA,575.53,CAD,CREATED
ORD00352,11-03-2024 11:56,CUST5262,UK,796.04,GBP,PAID
ORD00353,14-11-2024 09:35,CUST1673,US,676.04,USD,PAID
ORD00354,12-10-2024 01:56,CUST2821,CA,379.12,CAD,CREATED
ORD00355,09-02-2024 20:04,CUST9101,UK,856.92,GBP,PAID
ORD00356,09-04-2024 18:00,CUST4836,UK,253.18,GBP,CREATED
ORD00357,01-08-2024 03:35,CUST4282,AU,470.98,AUD,PAID
ORD00358,25-04-2024 08:28,CUST7513,AU,538.98,AUD,CREATED
ORD00359,26-01-2024 00:25,CUST5747,IN,660.33,INR,CANCELLED
ORD00360,17-08-2024 17:06,CUST9028,IN,35.87,INR,CANCELLED
ORD00361,18-12-2024 18:17,CUST5930,US,417.49,USD,PAID
ORD00362,13-08-2024 19:36,CUST8252,CA,52.99,CAD,CANCELLED
ORD00363,01-01-2024 19:29,CUST5412,US,186.61,USD,CREATED
ORD00364,10-03-2024 03:16,CUST1135,AU,495.71,AUD,CREATED
ORD00365,18-06-2024 00:08,CUST9546,CA,891.34,CAD,CANCELLED
ORD00366,08-01-2024 21:01,CUST2931,IN,242.86,INR,CANCELLED
ORD00367,25-01-2024 00:13,CUST3914,IN,689.28,INR,CREATED
ORD00368,31-05-2024 19:12,CUST3118,IN,575.22,INR,CANCELLED
ORD00369,24-05-2024 00:13,CUST1376,CA,880.86,CAD,CANCELLED
ORD00370,03-08-2024 04:15,CUST9591,IN,598.91,INR,PAID
ORD00371,07-01-2024 15:57,CUST9997,US,749.12,USD,CREATED
ORD00372,26-01-2024 05:25,CUST6293,AU,657.41,AUD,CANCELLED
ORD00373,30-12-2024 04:56,CUST2378,IN,196.95,INR,CANCELLED
ORD00374,02-03-2024 21:06,CUST9259,UK,242.7,GBP,CANCELLED
ORD00375,24-06-2024 13:53,CUST7487,IN,664.31,INR,CANCELLED
ORD00376,05-02-2024 22:01,CUST2128,CA,184.84,CAD,CANCELLED
ORD00377,20-12-2024 13:00,CUST1061,CA,62.3,CAD,CREATED
ORD00378,07-05-2024 12:38,CUST6872,CA,498.94,CAD,CREATED
ORD00379,29-06-2024 10:40,CUST8015,CA,879.93,CAD,CANCELLED
ORD00380,25-11-2024 01:25,CUST6156,UK,96.86,GBP,CREATED
ORD00381,13-03-2024 02:54,CUST6979,AU,340.22,AUD,CANCELLED
ORD00382,25-04-2024 16:04,CUST4323,US,646.69,USD,PAID
ORD00383,25-10-2024 05:13,CUST9806,AU,718.64,AUD,CANCELLED
ORD00384,27-05-2024 08:31,CUST1787,CA,217.42,CAD,PAID
ORD00385,25-05-2024 09:02,CUST8863,IN,790.29,INR,PAID
ORD00386,07-11-2024 18:03,CUST3779,CA,817.16,CAD,CANCELLED
ORD00387,15-12-2024 07:04,CUST1103,US,149.11,USD,PAID
ORD00388,03-03-2024 17:35,CUST5475,CA,653.11,CAD,CANCELLED
ORD00389,05-12-2024 21:39,CUST1584,US,912.82,USD,CREATED
ORD00390,26-08-2024 17:15,CUST3319,US,531.5,USD,CREATED
ORD00391,30-05-2024 14:30,CUST1725,UK,707.88,GBP,CREATED
ORD00392,07-03-2024 00:20,CUST3883,US,390.17,USD,PAID
ORD00393,02-08-2024 15:59,CUST1320,UK,381.82,GBP,CANCELLED
ORD00394,05-08-2024 09:45,CUST2685,AU,766.29,AUD,PAID
ORD00395,03-04-2024 09:12,CUST7173,UK,971.05,GBP,CANCELLED
ORD00396,12-12-2024 10:14,CUST7841,IN,885.99,INR,CANCELLED
ORD00397,17-08-2024 07:48,CUST2978,US,325.42,USD,CANCELLED
ORD00398,13-03-2024 15:23,CUST4903,CA,921.08,CAD,CREATED
ORD00399,28-03-2024 00:35,CUST3215,UK,116.31,GBP,PAID
ORD00400,04-08-2024 10:01,CUST5713,US,196.13,USD,CREATED
ORD00401,13-05-2024 01:19,CUST6149,UK,567.14,GBP,CANCELLED
ORD00402,26-02-2024 21:51,CUST1805,AU,660.44,AUD,CREATED
ORD00403,18-08-2024 09:41,CUST2059,UK,532.36,GBP,CANCELLED
ORD00404,12-09-2024 18:28,CUST1607,IN,772.04,INR,CANCELLED
ORD00405,11-09-2024 02:54,CUST2078,US,315.82,USD,PAID
ORD00406,15-07-2024 14:03,CUST3826,UK,19.44,GBP,PAID
ORD00407,10-06-2024 02:57,CUST5766,IN,229.6,INR,CANCELLED
ORD00408,17-12-2024 09:22,CUST4531,CA,495.78,CAD,PAID
ORD00409,17-06-2024 18:14,CUST8724,UK,718.35,GBP,PAID
ORD00410,10-09-2024 07:06,CUST8142,US,93.75,USD,CREATED
ORD00411,11-09-2024 09:23,CUST9348,AU,161.87,AUD,CREATED
ORD00412,11-09-2024 16:57,CUST4643,UK,741.39,GBP,CREATED
ORD00413,19-06-2024 13:16,CUST3995,IN,349.34,INR,CREATED
ORD00414,01-05-2024 09:14,CUST5974,UK,49.85,GBP,CREATED
ORD00415,05-02-2024 05:56,CUST1191,CA,630.02,CAD,PAID
ORD00416,08-03-2024 01:54,CUST1137,US,46.49,USD,CANCELLED
ORD00417,08-09-2024 02:47,CUST5365,AU,413.47,AUD,PAID
ORD00418,15-07-2024 07:00,CUST2077,AU,590.66,AUD,CANCELLED
ORD00419,28-10-2024 21:11,CUST8743,IN,282.79,INR,CREATED
ORD00420,23-07-2024 15:44,CUST7665,AU,395.94,AUD,CREATED
ORD00421,09-12-2024 07:17,CUST1738,US,420.94,USD,CREATED
ORD00422,30-09-2024 07:23,CUST7491,US,138.01,USD,PAID
ORD00423,13-10-2024 23:38,CUST5802,AU,967.57,AUD,CREATED
ORD00424,20-03-2024 04:20,CUST4310,US,450.93,USD,CANCELLED
ORD00425,21-03-2024 19:47,CUST3547,CA,763.94,CAD,PAID
ORD00426,23-12-2024 05:31,CUST5015,IN,27.34,INR,PAID
ORD00427,09-11-2024 19:16,CUST3199,AU,666.81,AUD,CANCELLED
ORD00428,01-12-2024 19:24,CUST9595,IN,662.77,INR,CANCELLED
ORD00429,22-09-2024 20:00,CUST4223,US,477.1,USD,CANCELLED
ORD00430,26-05-2024 17:03,CUST1803,US,476.89,USD,PAID
ORD00431,13-05-2024 01:32,CUST2869,US,140.98,USD,CANCELLED
ORD00432,03-02-2024 01:46,CUST6231,UK,178.85,GBP,CREATED
ORD00433,15-09-2024 06:20,CUST2669,AU,483.46,AUD,PAID
ORD00434,23-11-2024 08:37,CUST8940,UK,870.14,GBP,CREATED
ORD00435,04-11-2024 07:42,CUST7050,AU,348.25,AUD,PAID
ORD00436,27-09-2024 14:29,CUST1150,US,801.15,USD,PAID
ORD00437,14-04-2024 19:48,CUST4796,UK,402.36,GBP,CANCELLED
ORD00438,21-08-2024 20:35,CUST6672,AU,572.31,AUD,CREATED
ORD00439,30-09-2024 14:24,CUST6828,US,931.32,USD,CREATED
ORD00440,03-01-2024 05:53,CUST6182,US,599.64,USD,PAID
ORD00441,22-02-2024 00:58,CUST6143,CA,106.25,CAD,PAID
ORD00442,28-02-2024 22:18,CUST7795,CA,525.56,CAD,CANCELLED
ORD00443,17-10-2024 13:35,CUST5469,US,143.56,USD,CREATED
ORD00444,09-06-2024 14:51,CUST6549,AU,257.45,AUD,CREATED
ORD00445,28-12-2024 02:18,CUST3453,UK,712.29,GBP,CANCELLED
ORD00446,27-05-2024 01:01,CUST2831,IN,394.41,INR,PAID
ORD00447,05-08-2024 18:36,CUST4999,US,86.84,USD,CANCELLED
ORD00448,05-11-2024 11:30,CUST1226,CA,988.11,CAD,CANCELLED
ORD00449,11-02-2024 05:21,CUST1474,CA,469.39,CAD,CANCELLED
ORD00450,27-02-2024 12:04,CUST1297,AU,401.89,AUD,PAID
ORD00451,01-11-2024 22:08,CUST9770,CA,522.32,CAD,CANCELLED
ORD00452,16-12-2024 13:33,CUST1046,CA,549.5,CAD,PAID
ORD00453,06-12-2024 09:11,CUST2020,AU,262.05,AUD,CREATED
ORD00454,18-03-2024 22:36,CUST6358,IN,797.57,INR,PAID
ORD00455,24-06-2024 17:17,CUST6901,US,802.02,USD,CANCELLED
ORD00456,14-07-2024 07:14,CUST7657,US,256.55,USD,CREATED
ORD00457,30-04-2024 00:15,CUST7460,CA,895.96,CAD,PAID
ORD00458,14-01-2024 04:31,CUST6500,AU,18.76,AUD,CREATED
ORD00459,15-08-2024 23:35,CUST5338,US,24.04,USD,CREATED
ORD00460,17-07-2024 03:52,CUST8511,UK,367.66,GBP,CREATED
ORD00461,03-03-2024 07:54,CUST8132,AU,10.48,AUD,CANCELLED
ORD00462,18-06-2024 00:34,CUST9199,US,776.6,USD,CANCELLED
ORD00463,31-03-2024 22:25,CUST8118,UK,808.68,GBP,PAID
ORD00464,17-11-2024 16:40,CUST8885,AU,304.87,AUD,CANCELLED
ORD00465,09-01-2024 14:29,CUST4582,AU,137.38,AUD,CANCELLED
ORD00466,02-01-2024 09:24,CUST7289,US,86.67,USD,CANCELLED
ORD00467,03-08-2024 21:58,CUST9224,IN,196.9,INR,CANCELLED
ORD00468,10-08-2024 10:20,CUST8804,UK,17.36,GBP,CANCELLED
ORD00469,08-09-2024 20:34,CUST6808,UK,479.55,GBP,CANCELLED
ORD00470,10-04-2024 00:49,CUST8318,CA,313.71,CAD,CANCELLED
ORD00471,28-04-2024 14:48,CUST2586,US,742.38,USD,CANCELLED
ORD00472,21-10-2024 12:05,CUST5846,IN,659.85,INR,CREATED
ORD00473,05-05-2024 12:31,CUST5926,US,658.07,USD,CREATED
ORD00474,24-02-2024 14:51,CUST8599,CA,169.7,CAD,CANCELLED
ORD00475,02-08-2024 09:49,CUST3217,CA,532.75,CAD,PAID
ORD00476,18-02-2024 14:48,CUST6353,IN,940.31,INR,CANCELLED
ORD00477,21-08-2024 10:26,CUST1825,US,409.44,USD,CREATED
ORD00478,09-11-2024 18:50,CUST2043,US,775.79,USD,CANCELLED
ORD00479,06-12-2024 14:12,CUST7773,UK,284.02,GBP,CREATED
ORD00480,24-06-2024 15:16,CUST2270,AU,179.04,AUD,CANCELLED
ORD00481,15-06-2024 18:19,CUST4305,CA,257.48,CAD,PAID
ORD00482,22-06-2024 15:16,CUST3077,UK,367.01,GBP,CANCELLED
ORD00483,13-02-2024 16:19,CUST5352,UK,111.16,GBP,PAID
ORD00484,12-04-2024 06:23,CUST9340,US,661.23,USD,CANCELLED
ORD00485,15-11-2024 07:10,CUST7614,UK,668.75,GBP,CREATED
ORD00486,10-05-2024 13:19,CUST3720,CA,542.99,CAD,PAID
ORD00487,12-04-2024 08:14,CUST7821,CA,319.59,CAD,CREATED
ORD00488,08-09-2024 20:43,CUST3483,US,115.77,USD,CANCELLED
ORD00489,20-05-2024 01:35,CUST7033,CA,608.54,CAD,CANCELLED
ORD00490,25-12-2024 21:48,CUST1763,CA,412.47,CAD,PAID
ORD00491,20-09-2024 20:51,CUST1480,UK,314.55,GBP,CREATED
ORD00492,11-05-2024 11:45,CUST4557,US,966.33,USD,PAID
ORD00493,10-05-2024 19:35,CUST9861,CA,616.21,CAD,CREATED
ORD00494,06-03-2024 14:35,CUST3075,AU,648.73,AUD,CREATED
ORD00495,30-06-2024 06:38,CUST6428,IN,714.69,INR,PAID
ORD00496,06-07-2024 20:55,CUST1645,AU,246.4,AUD,CREATED
ORD00497,19-05-2024 07:17,CUST7025,AU,421.55,AUD,CANCELLED
ORD00498,26-12-2024 07:14,CUST2388,IN,175.81,INR,CREATED
ORD00499,20-08-2024 19:30,CUST7781,CA,58.99,CAD,CANCELLED
ORD00500,30-07-2024 22:47,CUST7551,CA,615.93,CAD,CREATED
ORD00501,27-05-2024 07:53,CUST5067,US,954.56,USD,PAID
ORD00502,25-07-2024 18:56,CUST2104,IN,874.24,INR,CANCELLED
ORD00503,09-02-2024 17:10,CUST7130,CA,979.39,CAD,PAID
ORD00504,23-08-2024 05:07,CUST3060,UK,836.42,GBP,PAID
ORD00505,20-06-2024 11:24,CUST4997,CA,272.13,CAD,PAID
ORD00506,02-11-2024 07:14,CUST3084,US,32.12,USD,PAID
ORD00507,07-07-2024 08:57,CUST4323,CA,996.97,CAD,PAID
ORD00508,17-07-2024 11:02,CUST3389,UK,746.92,GBP,CANCELLED
ORD00509,14-04-2024 16:58,CUST8001,IN,205.68,INR,CANCELLED
ORD00510,23-04-2024 01:51,CUST9645,US,164.94,USD,PAID
ORD00511,25-11-2024 20:37,CUST5108,AU,116.19,AUD,CREATED
ORD00512,30-09-2024 00:29,CUST9759,US,985.44,USD,CREATED
ORD00513,08-04-2024 17:57,CUST7759,CA,96.88,CAD,PAID
ORD00514,22-12-2024 17:38,CUST5480,AU,741.23,AUD,CANCELLED
ORD00515,13-11-2024 08:26,CUST8711,AU,137.91,AUD,CANCELLED
ORD00516,07-04-2024 14:19,CUST5702,CA,409.77,CAD,CANCELLED
ORD00517,20-04-2024 07:40,CUST4932,CA,593.15,CAD,CREATED
ORD00518,06-01-2024 13:35,CUST9921,CA,75.83,CAD,CREATED
ORD00519,24-11-2024 07:50,CUST6023,AU,794.96,AUD,CANCELLED
ORD00520,12-03-2024 14:09,CUST3028,US,765.17,USD,PAID
ORD00521,30-08-2024 23:40,CUST8863,IN,264.65,INR,CREATED
ORD00522,07-12-2024 09:02,CUST6414,AU,540.28,AUD,CANCELLED
ORD00523,11-05-2024 08:05,CUST7893,IN,590.24,INR,CANCELLED
ORD00524,20-04-2024 01:56,CUST9332,UK,536.23,GBP,PAID
ORD00525,30-12-2024 22:57,CUST7955,US,958.35,USD,CANCELLED
ORD00526,31-01-2024 00:48,CUST2671,AU,26.91,AUD,CREATED
ORD00527,20-09-2024 18:33,CUST4549,US,442.82,USD,CANCELLED
ORD00528,08-10-2024 06:58,CUST4179,US,722.43,USD,CANCELLED
ORD00529,28-03-2024 09:36,CUST1113,IN,878.5,INR,PAID
ORD00530,23-06-2024 13:25,CUST4517,UK,219.5,GBP,CANCELLED
ORD00531,05-02-2024 10:15,CUST2059,US,732.44,USD,CREATED
ORD00532,05-11-2024 20:45,CUST5935,AU,100.99,AUD,CREATED
ORD00533,19-09-2024 00:45,CUST6803,IN,640.33,INR,CANCELLED
ORD00534,24-08-2024 21:27,CUST6958,IN,804.81,INR,PAID
ORD00535,20-09-2024 22:38,CUST2611,US,836.93,USD,PAID
ORD00536,09-12-2024 06:16,CUST6835,IN,823.66,INR,CANCELLED
ORD00537,19-04-2024 01:42,CUST7261,UK,998.8,GBP,CREATED
ORD00538,28-01-2024 10:45,CUST9522,CA,651.17,CAD,CREATED
ORD00539,21-05-2024 17:04,CUST7050,AU,67.31,AUD,CANCELLED
ORD00540,04-07-2024 08:40,CUST7595,US,738.28,USD,CREATED
ORD00541,28-01-2024 07:37,CUST8698,AU,764.13,AUD,CREATED
ORD00542,04-11-2024 20:06,CUST2407,IN,551.68,INR,CREATED
ORD00543,01-02-2024 23:48,CUST4107,CA,722.21,CAD,CREATED
ORD00544,12-08-2024 02:14,CUST9950,UK,409.9,GBP,CREATED
ORD00545,28-02-2024 01:52,CUST3938,UK,236.97,GBP,CANCELLED
ORD00546,16-12-2024 12:30,CUST6662,AU,345.84,AUD,CREATED
ORD00547,07-04-2024 01:49,CUST1973,CA,345.85,CAD,CREATED
ORD00548,24-12-2024 19:07,CUST5922,AU,853.35,AUD,PAID
ORD00549,29-11-2024 20:54,CUST2837,UK,946.41,GBP,PAID
ORD00550,23-08-2024 13:04,CUST2913,CA,168.55,CAD,PAID
ORD00551,02-05-2024 02:55,CUST1823,IN,134.92,INR,CANCELLED
ORD00552,19-06-2024 23:29,CUST2813,US,924.87,USD,PAID
ORD00553,27-02-2024 00:06,CUST5650,IN,556.84,INR,CREATED
ORD00554,28-12-2024 06:11,CUST7541,CA,267.79,CAD,CANCELLED
ORD00555,07-10-2024 13:16,CUST8793,US,197.44,USD,PAID
ORD00556,16-12-2024 02:12,CUST6291,US,755.27,USD,CANCELLED
ORD00557,15-12-2024 20:43,CUST1715,IN,352.34,INR,CANCELLED
ORD00558,29-09-2024 23:12,CUST5230,US,664.17,USD,CREATED
ORD00559,17-08-2024 23:11,CUST7426,IN,612.87,INR,CANCELLED
ORD00560,08-01-2024 18:15,CUST1552,AU,329.1,AUD,CANCELLED
ORD00561,08-08-2024 11:02,CUST3189,AU,747.93,AUD,CREATED
ORD00562,06-09-2024 06:09,CUST6566,UK,122.43,GBP,CREATED
ORD00563,21-03-2024 11:33,CUST9460,US,163.27,USD,CANCELLED
ORD00564,01-09-2024 10:32,CUST4263,IN,50.92,INR,CANCELLED
ORD00565,09-01-2024 16:19,CUST5546,IN,941.96,INR,CANCELLED
ORD00566,27-03-2024 14:41,CUST2828,UK,869.52,GBP,CANCELLED
ORD00567,10-04-2024 14:48,CUST8180,CA,876.53,CAD,PAID
ORD00568,06-12-2024 10:28,CUST9716,UK,664.87,GBP,CREATED
ORD00569,27-03-2024 16:22,CUST2650,IN,766.94,INR,CANCELLED
ORD00570,05-01-2024 01:24,CUST5482,AU,334.58,AUD,CANCELLED
ORD00571,24-08-2024 15:37,CUST8652,US,532.66,USD,PAID
ORD00572,14-10-2024 04:18,CUST7031,CA,372.42,CAD,CANCELLED
ORD00573,15-02-2024 18:57,CUST5053,CA,749.9,CAD,PAID
ORD00574,14-03-2024 14:09,CUST1771,AU,151.4,AUD,PAID
ORD00575,11-12-2024 19:06,CUST2686,UK,244.6,GBP,CREATED
ORD00576,02-09-2024 18:11,CUST3488,CA,394.65,CAD,CREATED
ORD00577,10-12-2024 02:33,CUST7801,AU,819.77,AUD,CREATED
ORD00578,11-09-2024 08:36,CUST9287,CA,354.01,CAD,PAID
ORD00579,03-08-2024 15:06,CUST9970,UK,174.24,GBP,PAID
ORD00580,03-04-2024 23:38,CUST5632,CA,478.98,CAD,CREATED
ORD00581,06-08-2024 22:41,CUST8047,AU,166.15,AUD,CANCELLED
ORD00582,05-02-2024 10:37,CUST6426,AU,760.75,AUD,PAID
ORD00583,19-05-2024 06:40,CUST6793,CA,325.24,CAD,CREATED
ORD00584,10-08-2024 16:44,CUST2162,AU,618.84,AUD,PAID
ORD00585,26-12-2024 20:26,CUST2584,US,59.94,USD,CANCELLED
ORD00586,22-12-2024 03:03,CUST5906,IN,954.84,INR,PAID
ORD00587,19-02-2024 19:01,CUST6735,IN,792.32,INR,CANCELLED
ORD00588,17-02-2024 05:02,CUST1845,IN,122.25,INR,CREATED
ORD00589,25-01-2024 07:26,CUST5283,US,525.53,USD,CANCELLED
ORD00590,27-12-2024 19:59,CUST8772,AU,112.89,AUD,CREATED
ORD00591,05-09-2024 00:38,CUST8841,US,78.64,USD,PAID
ORD00592,13-11-2024 10:46,CUST8772,AU,371.42,AUD,CANCELLED
ORD00593,20-11-2024 13:14,CUST5370,IN,733.02,INR,PAID
ORD00594,19-04-2024 13:23,CUST9251,US,810.76,USD,CANCELLED
ORD00595,04-10-2024 22:08,CUST5310,AU,936.16,AUD,PAID
ORD00596,09-04-2024 21:42,CUST7186,US,791.64,USD,PAID
ORD00597,18-01-2024 02:53,CUST5944,UK,694.88,GBP,PAID
ORD00598,04-10-2024 04:59,CUST3763,CA,368.67,CAD,CANCELLED
ORD00599,27-01-2024 07:21,CUST3765,US,551.06,USD,CANCELLED
ORD00600,25-11-2024 10:23,CUST3440,UK,786.05,GBP,PAID
ORD00601,11-06-2024 12:28,CUST5939,IN,637.04,INR,PAID
ORD00602,07-01-2024 02:23,CUST4102,CA,829.5,CAD,CREATED
ORD00603,24-09-2024 11:03,CUST1067,IN,819.53,INR,CREATED
ORD00604,09-01-2024 19:50,CUST8417,IN,72.36,INR,CANCELLED
ORD00605,06-08-2024 00:06,CUST3479,US,119.14,USD,PAID
ORD00606,09-10-2024 19:48,CUST3722,AU,662.62,AUD,PAID
ORD00607,18-11-2024 10:59,CUST9051,AU,452.88,AUD,CREATED
ORD00608,20-10-2024 02:31,CUST6607,AU,655.15,AUD,PAID
ORD00609,26-01-2024 03:37,CUST1266,CA,499.99,CAD,CANCELLED
ORD00610,06-09-2024 02:32,CUST9859,UK,779.34,GBP,PAID
ORD00611,16-08-2024 06:14,CUST2153,US,881.23,USD,PAID
ORD00612,13-06-2024 22:20,CUST7562,IN,829.88,INR,CANCELLED
ORD00613,17-07-2024 17:50,CUST2433,UK,888.28,GBP,PAID
ORD00614,22-03-2024 10:20,CUST5870,US,776.9,USD,PAID
ORD00615,20-05-2024 22:33,CUST8605,AU,994.12,AUD,PAID
ORD00616,04-04-2024 10:33,CUST2880,UK,262.37,GBP,CANCELLED
ORD00617,05-02-2024 19:18,CUST7544,CA,559.42,CAD,CANCELLED
ORD00618,12-11-2024 18:21,CUST3420,CA,606.73,CAD,PAID
ORD00619,14-05-2024 10:43,CUST7875,IN,169.61,INR,CANCELLED
ORD00620,27-10-2024 08:59,CUST9920,US,684.35,USD,CREATED
ORD00621,04-06-2024 02:59,CUST8676,IN,761.32,INR,CREATED
ORD00622,12-02-2024 08:01,CUST5925,US,972.57,USD,CANCELLED
ORD00623,22-06-2024 18:10,CUST2697,US,667.1,USD,CREATED
ORD00624,28-06-2024 22:17,CUST1383,IN,296.18,INR,PAID
ORD00625,24-02-2024 20:34,CUST8205,AU,921.54,AUD,PAID
ORD00626,19-01-2024 11:30,CUST1695,CA,496.98,CAD,PAID
ORD00627,18-12-2024 20:34,CUST5304,US,476.76,USD,CANCELLED
ORD00628,07-07-2024 15:16,CUST5092,US,678.94,USD,CANCELLED
ORD00629,16-11-2024 02:36,CUST6627,AU,608.84,AUD,CANCELLED
ORD00630,30-12-2024 12:27,CUST7262,AU,35.25,AUD,CREATED
ORD00631,19-12-2024 23:05,CUST7931,AU,225.6,AUD,CANCELLED
ORD00632,18-11-2024 07:34,CUST3505,CA,607.85,CAD,PAID
ORD00633,03-08-2024 16:12,CUST1949,CA,531.16,CAD,PAID
ORD00634,13-10-2024 06:20,CUST4511,US,676.86,USD,CANCELLED
ORD00635,13-04-2024 03:58,CUST1540,IN,35.55,INR,PAID
ORD00636,01-05-2024 13:59,CUST8809,CA,288.61,CAD,PAID
ORD00637,08-12-2024 17:30,CUST7234,AU,477.49,AUD,PAID
ORD00638,22-06-2024 04:28,CUST8028,AU,246.82,AUD,CANCELLED
ORD00639,10-05-2024 09:35,CUST5216,CA,624.52,CAD,CANCELLED
ORD00640,05-08-2024 06:02,CUST1628,IN,672.89,INR,PAID
ORD00641,11-11-2024 21:43,CUST2136,UK,204.53,GBP,CREATED
ORD00642,22-02-2024 07:32,CUST6536,UK,340,GBP,PAID
ORD00643,08-03-2024 20:34,CUST9850,US,147.96,USD,PAID
ORD00644,28-10-2024 18:40,CUST3640,US,520.81,USD,PAID
ORD00645,19-12-2024 10:50,CUST3676,UK,354.47,GBP,CREATED
ORD00646,30-09-2024 16:56,CUST6631,IN,953.18,INR,CREATED
ORD00647,15-12-2024 15:51,CUST5745,CA,337.39,CAD,CANCELLED
ORD00648,21-03-2024 17:57,CUST8139,UK,860.49,GBP,CANCELLED
ORD00649,15-07-2024 04:50,CUST2284,US,76.33,USD,PAID
ORD00650,01-04-2024 15:07,CUST2782,CA,68.36,CAD,CANCELLED
ORD00651,24-03-2024 16:51,CUST5517,AU,492.69,AUD,CANCELLED
ORD00652,25-09-2024 19:52,CUST8350,US,144.21,USD,PAID
ORD00653,26-07-2024 04:02,CUST2339,US,43.19,USD,CANCELLED
ORD00654,02-07-2024 19:51,CUST4255,AU,156.13,AUD,CREATED
ORD00655,16-05-2024 01:02,CUST2005,US,381.6,USD,PAID
ORD00656,11-04-2024 13:08,CUST1469,AU,550.47,AUD,CREATED
ORD00657,08-12-2024 06:13,CUST5716,IN,140.79,INR,CANCELLED
ORD00658,14-08-2024 13:21,CUST7655,CA,135.03,CAD,PAID
ORD00659,12-10-2024 08:53,CUST1345,US,585.18,USD,CANCELLED
ORD00660,04-06-2024 15:32,CUST9261,US,897.59,USD,CANCELLED
ORD00661,18-02-2024 20:26,CUST2012,CA,528.48,CAD,CANCELLED
ORD00662,14-07-2024 07:29,CUST3008,US,679.85,USD,PAID
ORD00663,13-12-2024 03:09,CUST1617,AU,628.53,AUD,CREATED
ORD00664,18-02-2024 07:10,CUST4125,UK,964.88,GBP,CREATED
ORD00665,15-08-2024 12:24,CUST9597,IN,589.78,INR,CREATED
ORD00666,13-02-2024 23:23,CUST3879,US,301.63,USD,PAID
ORD00667,12-01-2024 11:58,CUST2710,CA,348.06,CAD,CANCELLED
ORD00668,30-09-2024 06:40,CUST9330,US,325.67,USD,PAID
ORD00669,17-04-2024 06:48,CUST5131,CA,957.18,CAD,CREATED
ORD00670,04-10-2024 09:07,CUST5435,UK,943.09,GBP,CANCELLED
ORD00671,26-02-2024 04:52,CUST5280,IN,566.14,INR,PAID
ORD00672,16-02-2024 07:06,CUST9402,CA,423.75,CAD,CREATED
ORD00673,14-09-2024 20:15,CUST7058,IN,337.88,INR,PAID
ORD00674,08-02-2024 08:58,CUST9544,AU,149.33,AUD,CANCELLED
ORD00675,13-03-2024 22:26,CUST5186,IN,935.93,INR,PAID
ORD00676,11-03-2024 07:58,CUST2447,CA,334.16,CAD,CANCELLED
ORD00677,10-08-2024 22:50,CUST3590,AU,459.09,AUD,CANCELLED
ORD00678,15-04-2024 00:23,CUST3792,AU,979.33,AUD,CREATED
ORD00679,23-08-2024 21:12,CUST1723,AU,71.05,AUD,CREATED
ORD00680,09-03-2024 00:45,CUST5902,US,94.4,USD,PAID
ORD00681,15-12-2024 01:02,CUST1155,AU,655.2,AUD,CREATED
ORD00682,03-01-2024 22:52,CUST8983,IN,594.47,INR,CANCELLED
ORD00683,01-08-2024 01:29,CUST1134,UK,78.54,GBP,PAID
ORD00684,16-02-2024 12:52,CUST3175,US,252.45,USD,PAID
ORD00685,29-01-2024 17:14,CUST7609,IN,639.36,INR,PAID
ORD00686,05-04-2024 20:32,CUST5184,US,514.04,USD,CANCELLED
ORD00687,23-07-2024 22:07,CUST1362,UK,423.55,GBP,CREATED
ORD00688,31-10-2024 11:56,CUST8003,US,108.9,USD,CREATED
ORD00689,01-09-2024 08:42,CUST4055,UK,945.47,GBP,CREATED
ORD00690,04-05-2024 20:27,CUST7186,IN,161.78,INR,CREATED
ORD00691,17-04-2024 01:41,CUST6035,CA,463.37,CAD,CREATED
ORD00692,30-07-2024 00:14,CUST3891,CA,377.3,CAD,CANCELLED
ORD00693,14-04-2024 00:45,CUST7131,CA,391.73,CAD,CANCELLED
ORD00694,20-01-2024 18:47,CUST5244,IN,426.73,INR,PAID
ORD00695,17-06-2024 18:27,CUST9613,US,534.05,USD,CREATED
ORD00696,26-04-2024 12:16,CUST4953,IN,674.78,INR,CREATED
ORD00697,25-12-2024 23:20,CUST7725,IN,102.91,INR,PAID
ORD00698,17-07-2024 21:38,CUST1389,IN,522.85,INR,PAID
ORD00699,16-10-2024 18:40,CUST6433,US,130.57,USD,CREATED
ORD00700,07-09-2024 09:52,CUST8843,IN,984.64,INR,CANCELLED
ORD00701,10-12-2024 12:48,CUST4837,UK,310.01,GBP,CREATED
ORD00702,21-08-2024 14:45,CUST8461,IN,693.04,INR,CANCELLED
ORD00703,27-04-2024 14:29,CUST1941,CA,46.13,CAD,CREATED
ORD00704,12-07-2024 19:10,CUST5407,IN,906.29,INR,CANCELLED
ORD00705,11-02-2024 08:48,CUST9061,UK,928.58,GBP,CANCELLED
ORD00706,04-06-2024 10:22,CUST7790,CA,734.01,CAD,CREATED
ORD00707,19-02-2024 19:53,CUST4266,IN,614.01,INR,CREATED
ORD00708,30-09-2024 21:19,CUST5204,IN,242.97,INR,PAID
ORD00709,30-04-2024 09:43,CUST2816,IN,511.4,INR,CANCELLED
ORD00710,27-04-2024 04:40,CUST4925,UK,675.1,GBP,CREATED
ORD00711,22-02-2024 09:59,CUST5661,UK,708.6,GBP,CREATED
ORD00712,31-03-2024 17:17,CUST6898,IN,804.87,INR,CANCELLED
ORD00713,17-04-2024 15:32,CUST7764,AU,42.52,AUD,PAID
ORD00714,06-03-2024 23:46,CUST9494,IN,515.84,INR,CANCELLED
ORD00715,25-02-2024 03:55,CUST1178,US,463.28,USD,PAID
ORD00716,01-01-2024 05:59,CUST8368,IN,277.32,INR,CANCELLED
ORD00717,04-11-2024 06:53,CUST4118,AU,637.68,AUD,CREATED
ORD00718,03-02-2024 07:19,CUST2512,AU,775.51,AUD,PAID
ORD00719,28-11-2024 20:11,CUST2808,UK,13.55,GBP,CREATED
ORD00720,25-04-2024 12:42,CUST7568,CA,117.5,CAD,CANCELLED
ORD00721,05-04-2024 14:04,CUST1287,US,406.25,USD,CANCELLED
ORD00722,27-06-2024 18:38,CUST6912,AU,618.98,AUD,PAID
ORD00723,18-08-2024 05:32,CUST9800,US,460,USD,PAID
ORD00724,20-11-2024 01:10,CUST9694,CA,143.14,CAD,CREATED
ORD00725,30-12-2024 14:50,CUST2402,AU,384.27,AUD,CREATED
ORD00726,22-11-2024 08:13,CUST1311,US,74.13,USD,PAID
ORD00727,04-05-2024 11:47,CUST3570,IN,505.33,INR,PAID
ORD00728,10-12-2024 04:53,CUST8073,AU,585.51,AUD,PAID
ORD00729,03-09-2024 07:52,CUST4348,CA,446.08,CAD,CANCELLED
ORD00730,22-10-2024 13:22,CUST6964,IN,67.82,INR,CANCELLED
ORD00731,22-06-2024 13:41,CUST5637,CA,658.21,CAD,CANCELLED
ORD00732,08-10-2024 19:18,CUST4282,CA,238.99,CAD,PAID
ORD00733,14-01-2024 17:52,CUST5126,UK,833.2,GBP,PAID
ORD00734,05-02-2024 00:55,CUST3177,IN,434.44,INR,CANCELLED
ORD00735,13-04-2024 16:06,CUST5487,UK,941.98,GBP,CREATED
ORD00736,13-06-2024 06:43,CUST5894,CA,134.84,CAD,CREATED
ORD00737,03-11-2024 00:02,CUST4574,UK,65.45,GBP,CANCELLED
ORD00738,21-09-2024 14:22,CUST7293,UK,561.42,GBP,PAID
ORD00739,19-03-2024 07:42,CUST1327,CA,631.35,CAD,CREATED
ORD00740,18-02-2024 18:16,CUST5475,CA,65.43,CAD,CREATED
ORD00741,14-11-2024 12:46,CUST4927,UK,851.44,GBP,PAID
ORD00742,28-12-2024 04:06,CUST8913,CA,396.17,CAD,CREATED
ORD00743,22-02-2024 03:39,CUST7439,US,377.75,USD,CREATED
ORD00744,02-09-2024 08:05,CUST7228,US,455.99,USD,CANCELLED
ORD00745,26-01-2024 01:05,CUST2763,UK,511.11,GBP,CREATED
ORD00746,24-05-2024 19:31,CUST2899,IN,44.08,INR,CREATED
ORD00747,23-03-2024 20:04,CUST8212,UK,522.97,GBP,CANCELLED
ORD00748,07-02-2024 01:41,CUST6878,AU,897.93,AUD,CREATED
ORD00749,21-07-2024 10:03,CUST9256,US,132.89,USD,PAID
ORD00750,28-01-2024 12:08,CUST6622,IN,966.81,INR,PAID
ORD00751,09-10-2024 15:46,CUST2647,UK,18.83,GBP,CREATED
ORD00752,21-09-2024 04:00,CUST8632,US,352,USD,PAID
ORD00753,18-07-2024 11:53,CUST5338,CA,238.82,CAD,CREATED
ORD00754,24-01-2024 02:10,CUST5836,CA,549.16,CAD,CANCELLED
ORD00755,17-04-2024 07:00,CUST7176,AU,655.91,AUD,CANCELLED
ORD00756,27-06-2024 03:56,CUST8853,UK,409.91,GBP,CANCELLED
ORD00757,27-03-2024 09:09,CUST2619,UK,362.03,GBP,PAID
ORD00758,17-04-2024 18:46,CUST1812,IN,477.6,INR,PAID
ORD00759,29-03-2024 15:06,CUST7809,AU,121.5,AUD,PAID
ORD00760,03-03-2024 10:01,CUST4501,CA,868.27,CAD,PAID
ORD00761,29-11-2024 08:42,CUST2892,CA,498.34,CAD,CANCELLED
ORD00762,28-06-2024 19:45,CUST8268,CA,990.32,CAD,PAID
ORD00763,12-11-2024 06:39,CUST8940,US,607.99,USD,PAID
ORD00764,29-02-2024 16:19,CUST2135,US,459.2,USD,CANCELLED
ORD00765,29-05-2024 11:36,CUST5165,AU,676.96,AUD,PAID
ORD00766,27-02-2024 09:10,CUST7295,AU,777.33,AUD,PAID
ORD00767,16-09-2024 13:58,CUST1481,US,379.02,USD,CREATED
ORD00768,18-08-2024 00:19,CUST1614,US,430.12,USD,CREATED
ORD00769,21-02-2024 13:01,CUST7289,UK,324.62,GBP,CREATED
ORD00770,02-06-2024 21:02,CUST2502,IN,655.57,INR,CREATED
ORD00771,12-06-2024 04:47,CUST5502,IN,108.97,INR,CREATED
ORD00772,17-11-2024 21:18,CUST6703,US,596.05,USD,CREATED
ORD00773,20-05-2024 01:11,CUST6397,US,921.32,USD,CANCELLED
ORD00774,22-12-2024 18:38,CUST6340,US,290.04,USD,CREATED
ORD00775,29-10-2024 23:33,CUST2069,CA,703.48,CAD,CREATED
ORD00776,30-11-2024 15:13,CUST6685,AU,27.34,AUD,PAID
ORD00777,24-07-2024 18:41,CUST2619,US,71.81,USD,CANCELLED
ORD00778,17-06-2024 14:29,CUST6489,UK,959.1,GBP,CREATED
ORD00779,19-02-2024 03:41,CUST4672,AU,598.59,AUD,CANCELLED
ORD00780,20-01-2024 01:41,CUST1018,IN,452.88,INR,PAID
ORD00781,08-09-2024 09:06,CUST2207,US,785.4,USD,CANCELLED
ORD00782,12-05-2024 06:40,CUST7211,IN,832.95,INR,PAID
ORD00783,08-12-2024 19:40,CUST8957,AU,896.35,AUD,PAID
ORD00784,06-06-2024 16:08,CUST3383,IN,770.58,INR,CANCELLED
ORD00785,24-05-2024 02:11,CUST7752,AU,806.55,AUD,PAID
ORD00786,09-11-2024 20:09,CUST9217,US,280.53,USD,CREATED
ORD00787,16-01-2024 22:22,CUST4931,CA,774.59,CAD,CANCELLED
ORD00788,14-11-2024 19:25,CUST4272,CA,519.68,CAD,CANCELLED
ORD00789,15-02-2024 08:25,CUST7861,US,590.8,USD,PAID
ORD00790,19-01-2024 20:35,CUST4880,UK,366.92,GBP,CANCELLED
ORD00791,15-04-2024 23:51,CUST5336,US,824.72,USD,PAID
ORD00792,03-12-2024 04:09,CUST1677,CA,922,CAD,PAID
ORD00793,16-02-2024 19:41,CUST7279,AU,120.45,AUD,PAID
ORD00794,14-10-2024 11:31,CUST4865,IN,298.8,INR,CANCELLED
ORD00795,30-01-2024 22:03,CUST9095,AU,439.89,AUD,CREATED
ORD00796,30-09-2024 12:40,CUST2571,US,898.69,USD,CANCELLED
ORD00797,29-09-2024 20:18,CUST7689,UK,573.44,GBP,CANCELLED
ORD00798,06-12-2024 22:32,CUST8745,CA,944.75,CAD,PAID
ORD00799,17-05-2024 19:19,CUST8942,AU,118.14,AUD,CREATED
ORD00800,22-10-2024 13:03,CUST2842,AU,476.7,AUD,CANCELLED
ORD00801,05-08-2024 02:44,CUST7173,CA,749.94,CAD,CANCELLED
ORD00802,15-06-2024 14:00,CUST7207,UK,970.19,GBP,CANCELLED
ORD00803,10-06-2024 15:40,CUST8675,AU,890.86,AUD,PAID
ORD00804,20-03-2024 21:03,CUST1789,CA,58.94,CAD,PAID
ORD00805,03-04-2024 13:59,CUST5531,US,515.18,USD,CANCELLED
ORD00806,30-08-2024 09:30,CUST5878,IN,453.82,INR,CREATED
ORD00807,21-05-2024 04:27,CUST4148,US,216.36,USD,CREATED
ORD00808,29-07-2024 06:07,CUST6686,IN,650.66,INR,PAID
ORD00809,06-03-2024 09:57,CUST2367,US,607.35,USD,PAID
ORD00810,13-05-2024 08:55,CUST4804,UK,384.32,GBP,PAID
ORD00811,26-10-2024 13:41,CUST3058,UK,710.98,GBP,CANCELLED
ORD00812,13-03-2024 15:32,CUST6394,CA,114.09,CAD,CREATED
ORD00813,26-08-2024 09:21,CUST3533,US,66.89,USD,CREATED
ORD00814,26-05-2024 07:57,CUST5068,AU,161.74,AUD,CREATED
ORD00815,08-10-2024 07:02,CUST4309,IN,909.51,INR,CANCELLED
ORD00816,18-08-2024 17:20,CUST2528,CA,801.51,CAD,CREATED
ORD00817,11-02-2024 00:29,CUST2504,US,602.57,USD,CANCELLED
ORD00818,09-09-2024 16:24,CUST5320,AU,42.46,AUD,CREATED
ORD00819,07-04-2024 05:44,CUST6123,US,461.23,USD,PAID
ORD00820,07-02-2024 15:33,CUST1999,AU,408.41,AUD,PAID
ORD00821,31-10-2024 14:01,CUST4136,US,250.89,USD,CANCELLED
ORD00822,11-11-2024 21:26,CUST3740,AU,133.95,AUD,CANCELLED
ORD00823,16-12-2024 05:41,CUST8122,UK,517.78,GBP,CREATED
ORD00824,23-09-2024 19:56,CUST3515,AU,14.67,AUD,CANCELLED
ORD00825,16-12-2024 04:16,CUST5771,AU,985.28,AUD,CANCELLED
ORD00826,10-02-2024 15:57,CUST4763,IN,625.14,INR,PAID
ORD00827,16-12-2024 08:15,CUST2138,AU,252.4,AUD,CREATED
ORD00828,06-07-2024 13:48,CUST4473,UK,570.36,GBP,PAID
ORD00829,23-08-2024 18:12,CUST9924,IN,406.2,INR,PAID
ORD00830,31-01-2024 05:41,CUST8964,AU,933.56,AUD,CANCELLED
ORD00831,25-06-2024 09:22,CUST4981,US,534.94,USD,PAID
ORD00832,21-04-2024 06:16,CUST6593,CA,362.29,CAD,PAID
ORD00833,05-04-2024 22:01,CUST7095,UK,377.63,GBP,PAID
ORD00834,10-06-2024 21:07,CUST7888,AU,604.96,AUD,CREATED
ORD00835,13-11-2024 20:35,CUST6057,AU,907.9,AUD,CANCELLED
ORD00836,21-05-2024 21:33,CUST7360,CA,913.17,CAD,CREATED
ORD00837,03-07-2024 11:48,CUST6524,CA,931.81,CAD,CANCELLED
ORD00838,17-10-2024 03:51,CUST9729,AU,230.08,AUD,CREATED
ORD00839,06-12-2024 16:42,CUST5143,UK,785.11,GBP,CREATED
ORD00840,23-03-2024 23:57,CUST4922,CA,664.43,CAD,CANCELLED
ORD00841,27-05-2024 12:48,CUST3601,CA,253.89,CAD,CANCELLED
ORD00842,07-03-2024 10:49,CUST3748,UK,501.82,GBP,PAID
ORD00843,17-07-2024 14:28,CUST7696,UK,414.24,GBP,CANCELLED
ORD00844,22-02-2024 20:52,CUST4860,US,623.45,USD,CREATED
ORD00845,18-07-2024 13:48,CUST5944,CA,885.63,CAD,PAID
ORD00846,16-08-2024 10:58,CUST6205,US,552.63,USD,CREATED
ORD00847,07-02-2024 08:03,CUST3380,US,361.15,USD,CREATED
ORD00848,04-01-2024 18:05,CUST3468,US,453.22,USD,CREATED
ORD00849,30-03-2024 15:30,CUST1232,CA,374.03,CAD,PAID
ORD00850,18-11-2024 11:12,CUST9551,US,497.8,USD,CANCELLED
ORD00851,03-03-2024 08:55,CUST7164,UK,605.4,GBP,PAID
ORD00852,24-02-2024 23:34,CUST5176,CA,824.72,CAD,PAID
ORD00853,29-05-2024 11:35,CUST3775,AU,214.72,AUD,CANCELLED
ORD00854,20-04-2024 15:58,CUST1346,UK,886.85,GBP,CREATED
ORD00855,30-12-2024 13:01,CUST1662,IN,158.65,INR,CREATED
ORD00856,07-05-2024 21:20,CUST5091,UK,398.59,GBP,CREATED
ORD00857,02-11-2024 18:55,CUST5049,US,664.04,USD,CREATED
ORD00858,30-12-2024 12:19,CUST5225,AU,321.92,AUD,CREATED
ORD00859,24-09-2024 10:40,CUST2853,AU,175.69,AUD,CREATED
ORD00860,03-01-2024 13:09,CUST5022,AU,616.2,AUD,CANCELLED
ORD00861,28-02-2024 05:22,CUST1669,CA,750.06,CAD,CANCELLED
ORD00862,05-04-2024 07:04,CUST8836,US,640.01,USD,CANCELLED
ORD00863,24-05-2024 11:09,CUST3094,US,590.18,USD,CANCELLED
ORD00864,01-09-2024 09:59,CUST4749,AU,640,AUD,PAID
ORD00865,13-05-2024 21:04,CUST3165,AU,131.69,AUD,CANCELLED
ORD00866,22-05-2024 15:41,CUST6604,CA,36.88,CAD,PAID
ORD00867,03-05-2024 22:31,CUST4294,UK,429.71,GBP,CANCELLED
ORD00868,01-01-2024 15:12,CUST9673,CA,604.73,CAD,PAID
ORD00869,13-02-2024 17:24,CUST8031,US,506.38,USD,CREATED
ORD00870,03-01-2024 16:24,CUST4134,IN,31.61,INR,PAID
ORD00871,03-05-2024 11:19,CUST5265,AU,963.63,AUD,PAID
ORD00872,01-07-2024 19:56,CUST8567,AU,693.77,AUD,PAID
ORD00873,01-10-2024 19:06,CUST5624,US,582.61,USD,CREATED
ORD00874,25-03-2024 02:14,CUST9286,CA,888.63,CAD,PAID
ORD00875,26-06-2024 11:08,CUST2600,IN,671.09,INR,PAID
ORD00876,09-01-2024 21:51,CUST2323,AU,814.58,AUD,CANCELLED
ORD00877,11-07-2024 11:22,CUST9452,AU,502.97,AUD,CANCELLED
ORD00878,23-05-2024 06:16,CUST2660,AU,412.27,AUD,CREATED
ORD00879,20-12-2024 17:33,CUST1460,UK,190.37,GBP,CANCELLED
ORD00880,08-12-2024 09:54,CUST5532,CA,471.24,CAD,PAID
ORD00881,09-03-2024 14:36,CUST7743,UK,122.72,GBP,PAID
ORD00882,31-05-2024 23:41,CUST3792,CA,205.67,CAD,CREATED
ORD00883,09-09-2024 20:30,CUST9578,UK,875.37,GBP,CANCELLED
ORD00884,24-02-2024 04:48,CUST7725,UK,180.41,GBP,PAID
ORD00885,16-06-2024 22:20,CUST7548,CA,687.92,CAD,CREATED
ORD00886,04-06-2024 19:17,CUST4392,UK,659.69,GBP,CREATED
ORD00887,15-10-2024 21:46,CUST2452,CA,359.45,CAD,CREATED
ORD00888,07-02-2024 02:20,CUST3457,CA,561.85,CAD,CANCELLED
ORD00889,03-02-2024 23:47,CUST8372,US,859.41,USD,PAID
ORD00890,11-01-2024 05:01,CUST8168,US,868.31,USD,CANCELLED
ORD00891,24-09-2024 12:44,CUST4814,IN,212.6,INR,PAID
ORD00892,18-06-2024 09:11,CUST6681,CA,908.58,CAD,PAID
ORD00893,15-11-2024 03:10,CUST3306,IN,623.01,INR,CANCELLED
ORD00894,06-05-2024 14:40,CUST1075,UK,761.51,GBP,CANCELLED
ORD00895,04-05-2024 01:21,CUST2189,CA,875.63,CAD,CREATED
ORD00896,19-07-2024 23:12,CUST5345,UK,505.15,GBP,PAID
ORD00897,13-03-2024 15:26,CUST2634,AU,413.22,AUD,CREATED
ORD00898,01-01-2024 00:29,CUST7410,UK,577.07,GBP,PAID
ORD00899,19-08-2024 13:15,CUST9259,IN,954.25,INR,CANCELLED
ORD00900,11-07-2024 22:46,CUST6623,IN,979.36,INR,PAID
ORD00901,15-11-2024 03:14,CUST3023,US,33.76,USD,CANCELLED
ORD00902,08-01-2024 13:14,CUST5297,US,374.18,USD,CREATED
ORD00903,27-10-2024 07:35,CUST1003,IN,806.77,INR,PAID
ORD00904,13-05-2024 10:44,CUST3847,US,883.1,USD,CANCELLED
ORD00905,04-04-2024 11:26,CUST6773,IN,549.87,INR,PAID
ORD00906,01-03-2024 06:23,CUST2219,CA,984.11,CAD,PAID
ORD00907,23-11-2024 19:09,CUST6305,IN,255.69,INR,PAID
ORD00908,25-11-2024 11:12,CUST2262,CA,686.15,CAD,PAID
ORD00909,25-12-2024 02:35,CUST1536,US,336.04,USD,CREATED
ORD00910,08-04-2024 11:51,CUST4807,IN,991.62,INR,CREATED
ORD00911,11-03-2024 22:09,CUST9060,CA,606.85,CAD,CREATED
ORD00912,30-07-2024 07:24,CUST2752,UK,404.36,GBP,CREATED
ORD00913,17-07-2024 21:26,CUST2692,AU,184.85,AUD,CANCELLED
ORD00914,29-02-2024 18:52,CUST6642,US,987.67,USD,CREATED
ORD00915,17-07-2024 16:43,CUST6386,IN,204,INR,PAID
ORD00916,08-06-2024 19:13,CUST1719,UK,92.59,GBP,CANCELLED
ORD00917,15-03-2024 10:26,CUST5934,IN,232.55,INR,CREATED
ORD00918,08-08-2024 20:48,CUST9071,CA,852.14,CAD,PAID
ORD00919,16-08-2024 00:30,CUST9643,UK,525.81,GBP,CANCELLED
ORD00920,11-12-2024 15:06,CUST7241,CA,288.02,CAD,CREATED
ORD00921,11-01-2024 04:43,CUST7436,US,327.98,USD,CREATED
ORD00922,20-09-2024 12:39,CUST5254,IN,944.23,INR,CANCELLED
ORD00923,21-02-2024 11:59,CUST1945,AU,802.55,AUD,CANCELLED
ORD00924,23-05-2024 03:15,CUST7070,IN,931.81,INR,CANCELLED
ORD00925,13-02-2024 07:05,CUST9702,IN,79.58,INR,CREATED
ORD00926,27-09-2024 05:42,CUST7753,UK,303.68,GBP,CREATED
ORD00927,15-06-2024 03:42,CUST9237,UK,341.19,GBP,CREATED
ORD00928,30-04-2024 12:57,CUST1088,US,957.51,USD,PAID
ORD00929,07-08-2024 00:31,CUST1718,US,429.62,USD,CANCELLED
ORD00930,14-05-2024 15:53,CUST4394,AU,605.43,AUD,PAID
ORD00931,10-04-2024 00:41,CUST3142,UK,351.96,GBP,CANCELLED
ORD00932,31-07-2024 05:41,CUST7941,IN,121.88,INR,CREATED
ORD00933,25-05-2024 22:19,CUST7155,AU,55.79,AUD,CANCELLED
ORD00934,02-10-2024 15:57,CUST1042,US,347.3,USD,CREATED
ORD00935,21-01-2024 14:16,CUST9715,CA,544.34,CAD,CREATED
ORD00936,31-05-2024 19:25,CUST8239,AU,713.55,AUD,CREATED
ORD00937,10-12-2024 01:13,CUST9160,AU,59.87,AUD,CREATED
ORD00938,29-04-2024 22:03,CUST3187,UK,131.33,GBP,PAID
ORD00939,25-11-2024 08:39,CUST2962,UK,258.48,GBP,PAID
ORD00940,11-07-2024 01:19,CUST3729,IN,142.16,INR,PAID
ORD00941,14-11-2024 10:06,CUST4798,IN,101.32,INR,CREATED
ORD00942,20-08-2024 04:38,CUST7007,US,716.63,USD,PAID
ORD00943,27-09-2024 21:24,CUST8085,AU,127.97,AUD,CANCELLED
ORD00944,11-08-2024 11:14,CUST5202,US,628.85,USD,PAID
ORD00945,02-09-2024 09:37,CUST1858,IN,832.63,INR,PAID
ORD00946,27-05-2024 08:57,CUST7921,AU,210.5,AUD,PAID
ORD00947,25-01-2024 19:49,CUST4129,UK,501.2,GBP,PAID
ORD00948,13-02-2024 10:11,CUST1340,IN,633.32,INR,CANCELLED
ORD00949,12-03-2024 17:54,CUST4753,CA,199.14,CAD,PAID
ORD00950,24-07-2024 15:36,CUST2460,IN,790.06,INR,CREATED
ORD00951,21-07-2024 18:27,CUST3735,IN,508.02,INR,PAID
ORD00952,01-04-2024 15:37,CUST9997,UK,33.56,GBP,CREATED
ORD00953,08-05-2024 23:55,CUST2196,UK,709.35,GBP,CANCELLED
ORD00954,11-03-2024 01:53,CUST2819,UK,416.89,GBP,PAID
ORD00955,13-06-2024 16:52,CUST3103,AU,365.38,AUD,CANCELLED
ORD00956,30-06-2024 12:55,CUST7142,CA,477.57,CAD,CANCELLED
ORD00957,26-06-2024 15:15,CUST8271,CA,91.8,CAD,CANCELLED
ORD00958,23-09-2024 18:45,CUST7348,IN,150.56,INR,CREATED
ORD00959,10-05-2024 12:44,CUST7984,AU,676.14,AUD,PAID
ORD00960,12-05-2024 21:18,CUST4260,CA,897.68,CAD,CANCELLED
ORD00961,05-06-2024 19:12,CUST8592,IN,965.32,INR,CANCELLED
ORD00962,05-12-2024 05:02,CUST3144,IN,663.38,INR,PAID
ORD00963,19-07-2024 09:53,CUST6932,IN,223.24,INR,PAID
ORD00964,04-05-2024 11:52,CUST3954,UK,304.46,GBP,CANCELLED
ORD00965,23-04-2024 12:17,CUST4865,UK,367.11,GBP,CREATED
ORD00966,22-07-2024 00:46,CUST1209,CA,43.03,CAD,CREATED
ORD00967,08-09-2024 12:06,CUST7992,US,855.74,USD,CREATED
ORD00968,27-03-2024 13:31,CUST3387,UK,269.35,GBP,CANCELLED
ORD00969,20-01-2024 13:12,CUST2701,US,565.89,USD,CREATED
ORD00970,12-06-2024 23:05,CUST6835,UK,818.49,GBP,PAID
ORD00971,21-07-2024 17:52,CUST8264,IN,259.15,INR,CANCELLED
ORD00972,28-04-2024 21:06,CUST6695,UK,955.25,GBP,PAID
ORD00973,02-03-2024 17:36,CUST4285,AU,331.39,AUD,PAID
ORD00974,10-06-2024 12:22,CUST1079,CA,22.04,CAD,CANCELLED
ORD00975,26-01-2024 12:50,CUST4891,IN,508.42,INR,CANCELLED
ORD00976,20-10-2024 08:27,CUST7666,IN,838.15,INR,CREATED
ORD00977,21-09-2024 14:35,CUST2859,UK,994.48,GBP,CANCELLED
ORD00978,20-08-2024 03:57,CUST3364,AU,351.7,AUD,PAID
ORD00979,05-02-2024 02:05,CUST1641,US,125.29,USD,PAID
ORD00980,01-06-2024 07:55,CUST4051,AU,454.19,AUD,PAID
ORD00981,06-04-2024 00:08,CUST6874,UK,762.15,GBP,CREATED
ORD00982,17-05-2024 11:17,CUST9950,CA,309.03,CAD,CANCELLED
ORD00983,14-05-2024 23:32,CUST4908,CA,254.7,CAD,PAID
ORD00984,30-10-2024 21:45,CUST6643,US,520.95,USD,PAID
ORD00985,27-01-2024 17:05,CUST4221,US,129.29,USD,CANCELLED
ORD00986,12-01-2024 13:14,CUST2735,IN,532.79,INR,PAID
ORD00987,24-10-2024 06:20,CUST2331,CA,78.78,CAD,CREATED
ORD00988,07-04-2024 08:54,CUST5015,IN,260.53,INR,PAID
ORD00989,18-08-2024 06:19,CUST4895,IN,716.4,INR,CREATED
ORD00990,17-03-2024 00:23,CUST8677,UK,751.27,GBP,PAID
ORD00991,20-02-2024 19:23,CUST3480,CA,479.67,CAD,CREATED
ORD00992,26-07-2024 13:22,CUST1801,UK,198.13,GBP,CANCELLED
ORD00993,16-10-2024 08:39,CUST1861,UK,192.98,GBP,CANCELLED
ORD00994,16-12-2024 16:57,CUST2579,US,195.41,USD,CANCELLED
ORD00995,05-11-2024 22:29,CUST9519,US,453.66,USD,CREATED
ORD00996,15-02-2024 13:56,CUST9082,CA,237.73,CAD,PAID
ORD00997,03-06-2024 09:19,CUST7603,UK,633.94,GBP,CREATED
ORD00998,26-01-2024 04:59,CUST3343,CA,169.14,CAD,CREATED
ORD00999,24-08-2024 05:40,CUST4464,CA,896.99,CAD,CANCELLED
ORD01000,07-04-2024 03:35,CUST2167,US,556.78,USD,CANCELLED
